{
    "name": "root",
    "metadata": {
        "timer_format_version": "0.1.0",
        "start_time_seconds": "1731937863",
        "python_version": "3.8.19 (default, Mar 20 2024, 19:55:45) [MSC v.1916 64 bit (AMD64)]",
        "command_line_arguments": "D:\\Anaconda3_2024\\envs\\mlagents\\Scripts\\mlagents-learn trainer_settings.yaml --run-id=TutorialRun5 --quality-level=0",
        "mlagents_version": "0.30.0",
        "mlagents_envs_version": "0.30.0",
        "communication_protocol_version": "1.5.0",
        "pytorch_version": "2.4.1",
        "numpy_version": "1.24.4",
        "end_time_seconds": "1731937956"
    },
    "total": 92.4928026,
    "count": 1,
    "self": 0.0394711000000143,
    "children": {
        "run_training.setup": {
            "total": 0.14555629999999997,
            "count": 1,
            "self": 0.14555629999999997
        },
        "TrainerController.start_learning": {
            "total": 92.3077752,
            "count": 1,
            "self": 0.28298409999995044,
            "children": {
                "TrainerController._reset_env": {
                    "total": 26.288404900000003,
                    "count": 1,
                    "self": 14.734199800000003,
                    "children": {
                        "demo_to_buffer": {
                            "total": 11.5542051,
                            "count": 2,
                            "self": 0.0003247000000001776,
                            "children": {
                                "load_demonstration": {
                                    "total": 0.20059329999999775,
                                    "count": 2,
                                    "self": 0.18691399999999803,
                                    "children": {
                                        "read_file": {
                                            "total": 0.013679299999999728,
                                            "count": 2,
                                            "self": 0.013679299999999728
                                        }
                                    }
                                },
                                "make_demo_buffer": {
                                    "total": 11.353287100000003,
                                    "count": 2,
                                    "self": 2.055846800000367,
                                    "children": {
                                        "steps_from_proto": {
                                            "total": 9.297440299999636,
                                            "count": 32620,
                                            "self": 4.87904009999902,
                                            "children": {
                                                "_process_rank_one_or_two_observation": {
                                                    "total": 4.418400200000615,
                                                    "count": 130480,
                                                    "self": 4.418400200000615
                                                }
                                            }
                                        }
                                    }
                                }
                            }
                        }
                    }
                },
                "TrainerController.advance": {
                    "total": 65.37911710000004,
                    "count": 4801,
                    "self": 0.12909659999971268,
                    "children": {
                        "env_step": {
                            "total": 65.25002050000033,
                            "count": 4801,
                            "self": 34.33755889999994,
                            "children": {
                                "SubprocessEnvManager._take_step": {
                                    "total": 30.753560300000288,
                                    "count": 4801,
                                    "self": 0.6460558000000987,
                                    "children": {
                                        "TorchPolicy.evaluate": {
                                            "total": 30.10750450000019,
                                            "count": 4801,
                                            "self": 30.10750450000019
                                        }
                                    }
                                },
                                "workers": {
                                    "total": 0.15890130000010316,
                                    "count": 4800,
                                    "self": 0.0,
                                    "children": {
                                        "worker_root": {
                                            "total": 82.50574309999988,
                                            "count": 4800,
                                            "is_parallel": true,
                                            "self": 58.415294099999656,
                                            "children": {
                                                "steps_from_proto": {
                                                    "total": 0.0004179999999998074,
                                                    "count": 1,
                                                    "is_parallel": true,
                                                    "self": 0.0001364999999982075,
                                                    "children": {
                                                        "_process_rank_one_or_two_observation": {
                                                            "total": 0.0002815000000015999,
                                                            "count": 4,
                                                            "is_parallel": true,
                                                            "self": 0.0002815000000015999
                                                        }
                                                    }
                                                },
                                                "UnityEnvironment.step": {
                                                    "total": 24.09003100000022,
                                                    "count": 4800,
                                                    "is_parallel": true,
                                                    "self": 0.8581003000009595,
                                                    "children": {
                                                        "UnityEnvironment._generate_step_input": {
                                                            "total": 0.6821311000003476,
                                                            "count": 4800,
                                                            "is_parallel": true,
                                                            "self": 0.6821311000003476
                                                        },
                                                        "communicator.exchange": {
                                                            "total": 20.210767499999292,
                                                            "count": 4800,
                                                            "is_parallel": true,
                                                            "self": 20.210767499999292
                                                        },
                                                        "steps_from_proto": {
                                                            "total": 2.3390320999996206,
                                                            "count": 4800,
                                                            "is_parallel": true,
                                                            "self": 1.0404524999987466,