{
    "name": "root",
    "metadata": {
        "timer_format_version": "0.1.0",
        "start_time_seconds": "1731936976",
        "python_version": "3.8.19 (default, Mar 20 2024, 19:55:45) [MSC v.1916 64 bit (AMD64)]",
        "command_line_arguments": "D:\\Anaconda3_2024\\envs\\mlagents\\Scripts\\mlagents-learn trainer_settings.yaml --run-id=TutorialRun4 --quality-level=0",
        "mlagents_version": "0.30.0",
        "mlagents_envs_version": "0.30.0",
        "communication_protocol_version": "1.5.0",
        "pytorch_version": "2.4.1",
        "numpy_version": "1.24.4",
        "end_time_seconds": "1731937230"
    },
    "total": 254.3647132,
    "count": 1,
    "self": 0.051204900000016096,
    "children": {
        "run_training.setup": {
            "total": 0.1771357,
            "count": 1,
            "self": 0.1771357
        },
        "TrainerController.start_learning": {
            "total": 254.1363726,
            "count": 1,
            "self": 0.9352848999991465,
            "children": {
                "TrainerController._reset_env": {
                    "total": 29.775775400000004,
                    "count": 1,
                    "self": 18.237268500000006,
                    "children": {
                        "demo_to_buffer": {
                            "total": 11.5385069,
                            "count": 2,
                            "self": 0.0003103000000024281,
                            "children": {
                                "load_demonstration": {
                                    "total": 0.22197560000000038,
                                    "count": 2,
                                    "self": 0.17564560000000107,
                                    "children": {
                                        "read_file": {
                                            "total": 0.046329999999999316,
                                            "count": 2,
                                            "self": 0.046329999999999316
                                        }
                                    }
                                },
                                "make_demo_buffer": {
                                    "total": 11.316220999999997,
                                    "count": 2,
                                    "self": 2.068200199999607,
                                    "children": {
                                        "steps_from_proto": {
                                            "total": 9.24802080000039,
                                            "count": 32620,
                                            "self": 4.8433004000003095,
                                            "children": {
                                                "_process_rank_one_or_two_observation": {
                                                    "total": 4.40472040000008,
                                                    "count": 130480,
                                                    "self": 4.40472040000008
                                                }
                                            }
                                        }
                                    }
                                }
                            }
                        }
                    }
                },
                "TrainerController.advance": {
                    "total": 222.99804320000078,
                    "count": 14954,
                    "self": 0.477739300000934,
                    "children": {
                        "env_step": {
                            "total": 222.52030389999985,
                            "count": 14954,
                            "self": 109.84516259999953,
                            "children": {
                                "SubprocessEnvManager._take_step": {
                                    "total": 112.15881450000052,
                                    "count": 14954,
                                    "self": 2.1930651000006094,
                                    "children": {
                                        "TorchPolicy.evaluate": {
                                            "total": 109.96574939999991,
                                            "count": 14954,
                                            "self": 109.96574939999991
                                        }
                                    }
                                },
                                "workers": {
                                    "total": 0.5163267999997956,
                                    "count": 14953,
                                    "self": 0.0,
                                    "children": {
                                        "worker_root": {
                                            "total": 245.9186390999994,
                                            "count": 14953,
                                            "is_parallel": true,
                                            "self": 171.02034269999825,
                                            "children": {
                                                "steps_from_proto": {
                                                    "total": 0.0003771000000005742,
                                                    "count": 1,
                                                    "is_parallel": true,
                                                    "self": 0.00015130000000063148,
                                                    "children": {
                                                        "_process_rank_one_or_two_observation": {
                                                            "total": 0.0002257999999999427,
                                                            "count": 4,
                                                            "is_parallel": true,
                                                            "self": 0.0002257999999999427
                                                        }
                                                    }
                                                },
                                                "UnityEnvironment.step": {
                                                    "total": 74.89791930000118,
                                                    "count": 14953,
                                                    "is_parallel": true,
                                                    "self": 2.9165636999976954,
                                                    "children": {
                                                        "UnityEnvironment._generate_step_input": {
                                                            "total": 2.3121566000023,
                                                            "count": 14953,
                                                            "is_parallel": true,
                                                            "self": 2.3121566000023
                                                        },
                                                        "communicator.exchange": {
                                                            "total": 61.85498120000019,
                                                            "count": 14953,
                                                            "is_parallel": true,
                                                            "self": 61.85498120000019
                                                        },
                                                        "steps_from_proto": {
                                                            "total": 7.814217800000993,
                                                            "count": 14953,
                                                            "is_parallel": true,
                                                            "self": 3.5057073999971706,