{
    "name": "root",
    "gauges": {
        "CarBehaviour.Policy.Entropy.mean": {
            "value": 0.18249745666980743,
            "min": 0.18157339096069336,
            "max": 1.3998703956604004,
            "count": 500
        },
        "CarBehaviour.Policy.Entropy.sum": {
            "value": 17968.69921875,
            "min": 17632.095703125,
            "max": 154041.734375,
            "count": 500
        },
        "CarBehaviour.Environment.EpisodeLength.mean": {
            "value": 514.2871794871795,
            "min": 398.7552742616034,
            "max": 640.3684210526316,
            "count": 500
        },
        "CarBehaviour.Environment.EpisodeLength.sum": {
            "value": 100286.0,
            "min": 92380.0,
            "max": 109503.0,
            "count": 500
        },
        "CarBehaviour.Step.mean": {
            "value": 49999900.0,
            "min": 99974.0,
            "max": 49999900.0,
            "count": 500
        },
        "CarBehaviour.Step.sum": {
            "value": 49999900.0,
            "min": 99974.0,
            "max": 49999900.0,
            "count": 500
        },
        "CarBehaviour.Policy.ExtrinsicValueEstimate.mean": {
            "value": 15.011460304260254,
            "min": -1.9294805526733398,
            "max": 18.78544044494629,
            "count": 500
        },
        "CarBehaviour.Policy.ExtrinsicValueEstimate.sum": {
            "value": 6800.19140625,
            "min": -893.3494873046875,
            "max": 8077.73974609375,
            "count": 500
        },
        "CarBehaviour.Policy.GailValueEstimate.mean": {
            "value": 3.955068349838257,
            "min": 3.40425443649292,
            "max": 12.603596687316895,
            "count": 500
        },
        "CarBehaviour.Policy.GailValueEstimate.sum": {
            "value": 1791.64599609375,
            "min": 1521.7017822265625,
            "max": 5697.03173828125,
            "count": 500
        },
        "CarBehaviour.Environment.CumulativeReward.mean": {
            "value": 476.5566294596841,
            "min": -11.273084635367502,
            "max": 599.3109859220589,
            "count": 500
        },
        "CarBehaviour.Environment.CumulativeReward.sum": {
            "value": 91498.87285625935,
            "min": -1995.3359804600477,
            "max": 108313.46409964561,
            "count": 500
        },
        "CarBehaviour.Policy.ExtrinsicReward.mean": {
            "value": 471.79106561342877,
            "min": -11.160354135821095,
            "max": 593.3178806795349,
            "count": 500
        },
        "CarBehaviour.Policy.ExtrinsicReward.sum": {
            "value": 90583.88459777832,
            "min": -1975.3826820403337,
            "max": 107230.32986783981,
            "count": 500
        },
        "CarBehaviour.Policy.GailReward.mean": {
            "value": 26.847224107011698,
            "min": 26.18751489259809,
            "max": 73.73234694306923,
            "count": 500
        },
        "CarBehaviour.Policy.GailReward.sum": {
            "value": 5154.667028546246,
            "min": 5083.080904023278,
            "max": 13050.625408923253,
            "count": 500
        },
        "CarBehaviour.Losses.PolicyLoss.mean": {
            "value": 0.021736964187624767,
            "min": 0.02017418990894738,
            "max": 0.025318242640616384,
            "count": 500
        },
        "CarBehaviour.Losses.PolicyLoss.sum": {
            "value": 0.36952839118962105,
            "min": 0.292293050404165,
            "max": 0.4557283675310949,
            "count": 500
        },
        "CarBehaviour.Losses.ValueLoss.mean": {
            "value": 9.887731374081444,
            "min": 2.5398980312581574,
            "max": 30.900602738062535,
            "count": 500
        },
        "CarBehaviour.Losses.ValueLoss.sum": {
            "value": 168.09143335938455,
            "min": 40.63836850013052,
            "max": 556.2108492851256,
            "count": 500
        },
        "CarBehaviour.Policy.LearningRate.mean": {
            "value": 3.470380185218806e-07,
            "min": 3.470380185218806e-07,
            "max": 0.0003496547768986352,
            "count": 500
        },
        "CarBehaviour.Policy.LearningRate.sum": {
            "value": 5.89964631487197e-06,
            "min": 5.89964631487197e-06,
            "max": 0.006167717159795108,
            "count": 500
        },
        "CarBehaviour.Policy.Epsilon.mean": {
            "value": 0.10019825035294116,
            "min": 0.10019825035294116,
            "max": 0.29980272959999993,
            "count": 500
        },
        "CarBehaviour.Policy.Epsilon.sum": {
            "value": 1.703370256,
            "min": 1.6736612440000003,
            "max": 5.324409783999999,
            "count": 500
        },
        "CarBehaviour.Policy.Beta.mean": {
            "value": 1.2468216894117634e-05,
            "min": 1.2468216894117634e-05,
            "max": 0.0024975439835200003,
            "count": 500
        },
        "CarBehaviour.Policy.Beta.sum": {
            "value": 0.0002119596871999998,
            "min": 0.0002119596871999998,
            "max": 0.044058901810799994,
            "count": 500
        },
        "CarBehaviour.Policy.GAILPolicyEstimate.mean": {
            "value": 0.1093481672803561,
            "min": 0.10214602250971047,
            "max": 0.3292137720463453,
            "count": 500
        },
        "CarBehaviour.Policy.GAILPolicyEstimate.sum": {
            "value": 1.8589188437660535,
            "min": 1.6939726495246092,
            "max": 5.25471987247467,
            "count": 500
        },
        "CarBehaviour.Policy.GAILExpertEstimate.mean": {
            "value": 0.886615398350884,
            "min": 0.6275671375261412,
            "max": 0.8931809184597987,
            "count": 500
        },
        "CarBehaviour.Policy.GAILExpertEstimate.sum": {
            "value": 15.072461771965028,
            "min": 9.41350706289212,
            "max": 16.00292977253596,
            "count": 500
        },
        "CarBehaviour.Losses.GAILLoss.mean": {
            "value": 0.30116129534501657,
            "min": 0.28292840552096277,
            "max": 0.9600854901009137,
            "count": 500
        },
        "CarBehaviour.Losses.GAILLoss.sum": {
            "value": 5.1197420208652815,
            "min": 4.704943948061693,
            "max": 14.401282351513705,
            "count": 500
        },
        "CarBehaviour.Policy.GAILGradMagLoss.mean": {
            "value": 0.04449726616708087,
            "min": 0.041089706882420515,
            "max": 1.7448146219203868,
            "count": 500
        },
        "CarBehaviour.Policy.GAILGradMagLoss.sum": {
            "value": 0.7564535248403748,
            "min": 0.6698232992117603,
            "max": 26.172219328805802,
            "count": 500
        },
        "CarBehaviour.Losses.PretrainingLoss.mean": {
            "value": 0.0,
            "min": 0.0,
            "max": 1.407548365517268,
            "count": 500
        },
        "CarBehaviour.Losses.PretrainingLoss.sum": {
            "value": 0.0,
            "min": 0.0,
            "max": 21.11322548275902,
            "count": 500
        },
        "CarBehaviour.IsTraining.mean": {
            "value": 1.0,
            "min": 1.0,
            "max": 1.0,
            "count": 500
        },
        "CarBehaviour.IsTraining.sum": {
            "value": 1.0,
            "min": 1.0,
            "max": 1.0,
            "count": 500
        }
    },
    "metadata": {
        "timer_format_version": "0.1.0",
        "start_time_seconds": "1726236716",
        "python_version": "3.8.19 (default, Mar 20 2024, 19:55:45) [MSC v.1916 64 bit (AMD64)]",
        "command_line_arguments": "D:\\Anaconda3_2024\\envs\\mlagents\\Scripts\\mlagents-learn trainer_settings.yaml --run-id=TutorialRun2 --quality-level=0",