{
    "name": "root",
    "gauges": {
        "CarBehaviour.Policy.Entropy.mean": {
            "value": 1.162643551826477,
            "min": 1.162643551826477,
            "max": 1.4062156677246094,
            "count": 9
        },
        "CarBehaviour.Policy.Entropy.sum": {
            "value": 117403.75,
            "min": 112545.359375,
            "max": 149846.34375,
            "count": 9
        },
        "CarBehaviour.Environment.EpisodeLength.mean": {
            "value": 506.4685990338164,
            "min": 506.05232558139534,
            "max": 661.0337837837837,
            "count": 9
        },
        "CarBehaviour.Environment.EpisodeLength.sum": {
            "value": 104839.0,
            "min": 87041.0,
            "max": 111701.0,
            "count": 9
        },
        "CarBehaviour.Step.mean": {
            "value": 899980.0,
            "min": 99927.0,
            "max": 899980.0,
            "count": 9
        },
        "CarBehaviour.Step.sum": {
            "value": 899980.0,
            "min": 99927.0,
            "max": 899980.0,
            "count": 9
        },
        "CarBehaviour.Policy.ExtrinsicValueEstimate.mean": {
            "value": -1.162705421447754,
            "min": -1.162705421447754,
            "max": 1.1663569211959839,
            "count": 9
        },
        "CarBehaviour.Policy.ExtrinsicValueEstimate.sum": {
            "value": -537.169921875,
            "min": -537.169921875,
            "max": 515.52978515625,
            "count": 9
        },
        "CarBehaviour.Policy.GailValueEstimate.mean": {
            "value": 12.447366714477539,
            "min": 7.133020877838135,
            "max": 12.472991943359375,
            "count": 9
        },
        "CarBehaviour.Policy.GailValueEstimate.sum": {
            "value": 5750.68359375,
            "min": 3224.12548828125,
            "max": 5750.68359375,
            "count": 9
        },
        "CarBehaviour.Environment.CumulativeReward.mean": {
            "value": -5.381868667462292,
            "min": -14.35220267967871,
            "max": 31.931936799668943,
            "count": 9
        },
        "CarBehaviour.Environment.CumulativeReward.sum": {
            "value": -1097.9012081623077,
            "min": -2454.2266582250595,
            "max": 4693.994709551334,
            "count": 9
        },
        "CarBehaviour.Policy.ExtrinsicReward.mean": {
            "value": -5.328050087333894,
            "min": -14.20868086257176,
            "max": 31.612617626076652,
            "count": 9
        },
        "CarBehaviour.Policy.ExtrinsicReward.sum": {
            "value": -1086.9222178161144,
            "min": -2429.684427499771,
            "max": 4647.054791033268,
            "count": 9
        },
        "CarBehaviour.Policy.GailReward.mean": {
            "value": 61.81839753549966,
            "min": 61.81839753549966,
            "max": 74.0490453647037,
            "count": 9
        },
        "CarBehaviour.Policy.GailReward.sum": {
            "value": 12610.95309724193,
            "min": 9761.277859780937,
            "max": 12610.95309724193,
            "count": 9
        },
        "CarBehaviour.Losses.PolicyLoss.mean": {
            "value": 0.022595444904533604,
            "min": 0.021427752255895483,
            "max": 0.023535888746803013,
            "count": 9
        },
        "CarBehaviour.Losses.PolicyLoss.sum": {
            "value": 0.40671800828160487,
            "min": 0.30622532924126494,
            "max": 0.40671800828160487,
            "count": 9
        },
        "CarBehaviour.Losses.ValueLoss.mean": {
            "value": 15.269147542715071,
            "min": 3.2617895124709,
            "max": 15.269147542715071,
            "count": 9
        },
        "CarBehaviour.Losses.ValueLoss.sum": {
            "value": 274.8446557688713,
            "min": 55.4504217120053,
            "max": 274.8446557688713,
            "count": 9
        },
        "CarBehaviour.Policy.LearningRate.mean": {
            "value": 0.0003440613992522991,
            "min": 0.0003440613992522991,
            "max": 0.0003496523897243172,
            "count": 9
        },
        "CarBehaviour.Policy.LearningRate.sum": {
            "value": 0.006193105186541384,
            "min": 0.004865761700782374,
            "max": 0.006193105186541384,
            "count": 9
        },
        "CarBehaviour.Policy.Epsilon.mean": {
            "value": 0.2966065128888889,
            "min": 0.2966065128888889,
            "max": 0.29980136549999997,
            "count": 9
        },
        "CarBehaviour.Policy.Epsilon.sum": {
            "value": 5.338917232,
            "min": 4.180435252,
            "max": 5.338917232,
            "count": 9
        },
        "CarBehaviour.Policy.Beta.mean": {
            "value": 0.002457751085466667,
            "min": 0.002457751085466667,
            "max": 0.0024975270004749996,
            "count": 9
        },
        "CarBehaviour.Policy.Beta.sum": {
            "value": 0.0442395195384,
            "min": 0.0347564188874,
            "max": 0.0442395195384,
            "count": 9
        },
        "CarBehaviour.Policy.GAILPolicyEstimate.mean": {
            "value": 0.30795244076737655,
            "min": 0.2784753611240358,
            "max": 0.32232371534634796,
            "count": 9
        },
        "CarBehaviour.Policy.GAILPolicyEstimate.sum": {
            "value": 5.543143933812778,
            "min": 3.932143768242427,
            "max": 5.543143933812778,
            "count": 9
        },
        "CarBehaviour.Policy.GAILExpertEstimate.mean": {
            "value": 0.7271152442914468,
            "min": 0.6357246893602941,
            "max": 0.7624150284013105,
            "count": 9
        },
        "CarBehaviour.Policy.GAILExpertEstimate.sum": {
            "value": 13.088074397246043,
            "min": 10.171595029764706,
            "max": 13.088074397246043,
            "count": 9
        },
        "CarBehaviour.Losses.GAILLoss.mean": {
            "value": 0.7754655637343724,
            "min": 0.6712277691029096,
            "max": 0.9303769896986585,
            "count": 9
        },
        "CarBehaviour.Losses.GAILLoss.sum": {
            "value": 13.958380147218703,
            "min": 9.397188767440735,
            "max": 14.886031835178535,
            "count": 9
        },
        "CarBehaviour.Policy.GAILGradMagLoss.mean": {
            "value": 0.08151579252133766,
            "min": 0.08151579252133766,
            "max": 1.7132848404849776,
            "count": 9
        },
        "CarBehaviour.Policy.GAILGradMagLoss.sum": {
            "value": 1.4672842653840779,
            "min": 1.405178293365808,
            "max": 27.412557447759642,
            "count": 9
        },
        "CarBehaviour.Losses.PretrainingLoss.mean": {
            "value": 0.0,
            "min": 0.0,
            "max": 1.366960801538967,
            "count": 9
        },
        "CarBehaviour.Losses.PretrainingLoss.sum": {
            "value": 0.0,
            "min": 0.0,
            "max": 21.87137282462347,
            "count": 9
        },
        "CarBehaviour.IsTraining.mean": {
            "value": 1.0,
            "min": 1.0,
            "max": 1.0,
            "count": 9
        },
        "CarBehaviour.IsTraining.sum": {
            "value": 1.0,
            "min": 1.0,
            "max": 1.0,
            "count": 9
        }
    },
    "metadata": {
        "timer_format_version": "0.1.0",
        "start_time_seconds": "1726233361",
        "python_version": "3.8.19 (default, Mar 20 2024, 19:55:45) [MSC v.1916 64 bit (AMD64)]",
        "command_line_arguments": "D:\\Anaconda3_2024\\envs\\mlagents\\Scripts\\mlagents-learn trainer_settings.yaml --run-id=TutorialRun --quality-level=0",
        "mlagents_version": "0.30.0",
        "mlagents_envs_version": "0.30.0",
        "communication_protocol_version": "1.5.0",
        "pytorch_version": "2.4.1",